nu,[2]C2H2-HITRAN:X=0.0005-T=300K-P=0.75atm-L=100cm
6533.83,0.000801522711253132
6533.84,0.000829272545117105
6533.85,0.000859006046086487
6533.86,0.0008908760121259364
6533.87,0.0009250615280724665
6533.88,0.0009617711207314298
6533.89,0.0010012448495366959
6533.9,0.0010437526023141398
6533.91,0.0010895829511091445
6533.92,0.0011390127469677375
6533.93,0.0011922454751430644
6533.94,0.00124931787205589
6533.95,0.0013100189439597407
6533.96,0.0013739365185878485
6533.97,0.0014407423895947148
6533.98,0.0015106181325828148
6533.99,0.0015844747215674828
6534,0.0016637510901299
6534.01,0.001750001282750265
6534.02,0.0018446012130713123
6534.03,0.001948646871784212
6534.04,0.0020629244351808205
6534.05,0.0021879275556646307
6534.06,0.0023241116870863954
6534.07,0.0024724744124563045
6534.08,0.002635008272084558
6534.09,0.002814528332288421
6534.1,0.0030141838420457605
6534.11,0.0032372510369589984
6534.12,0.0034872782297504013
6534.13,0.0037683500215619924
6534.14,0.004085339989368997
6534.15,0.00444415082309934
6534.16,0.004851978925537884
6534.17,0.005317638417350501
6534.18,0.005851975015159454
6534.19,0.006468401460997301
6534.2,0.007183591861415705
6534.21,0.008018380073701757
6534.22,0.00899891401249881
6534.23,0.010158117249902867
6534.24,0.011537487750788831
6534.25,0.013189190703217543
6534.26,0.015178214028439663
6534.27,0.01758392229305471
6534.28,0.0204994280004805
6534.29,0.02402541971591791
6534.3,0.02825206533054787
6534.31,0.03321875288142989
6534.32,0.03884030689582614
6534.33,0.04480068805808824
6534.34,0.050457649961756695
6534.35,0.05486878432853232
6534.36,0.05705749640946203
6534.37,0.056463865260133646
6534.38,0.053263104608241546
6534.39,0.04826047888855818
6534.4,0.042462837911775644
6534.41,0.03668698783911309
6534.42,0.03141293491984637
6534.43,0.02683193303603483
6534.44,0.02295775960237111
6534.45,0.0197210574764821
6534.46,0.017026766913460587
6534.47,0.01478189529088551
6534.48,0.012905690581049848
6534.49,0.011331342490273854
6534.5,0.010004492273215319
6534.51,0.008881046492527469
6534.52,0.007925200091407248
6534.53,0.007107846374228636
6534.54,0.006405314767799012
6534.55,0.005798350865995114
6534.56,0.005271280793482008
6534.57,0.004811325513985258
6534.58,0.004408041845518397
6534.59,0.004052870919468943
6534.6,0.003738776473321759
6534.61,0.003459956660038624
6534.62,0.003211613972055102
6534.63,0.0029897672170491967
6534.64,0.002791085288085216
6534.65,0.0026127142192644733
6534.66,0.0024520677263337306
6534.67,0.002306598896613711
6534.68,0.0021737096482737053
6534.69,0.0020510346806601985
6534.7,0.0019369860034500921
6534.71,0.0018309329114796968
6534.72,0.0017327470279973338
6534.73,0.0016422601508425574
6534.74,0.0015590901545448725
6534.75,0.0014827143586713038
6534.76,0.0014125680039474182
6534.77,0.0013481090430374108
6534.78,0.0012888553534350531
6534.79,0.0012344011991233155
6534.8,0.001184420884520482
6534.81,0.0011386671879228688
6534.82,0.001096968529766083
6534.83,0.0010592249440485666
6534.84,0.0010253991806133908
6534.85,0.000995494480145141
6534.86,0.0009695041587385354
6534.87,0.0009473130640984935
6534.88,0.0009285385375996648
6534.89,0.0009123385851921559
6534.9,0.0008972903761979699
6534.91,0.0008814893396427265
6534.92,0.0008629411869732948
6534.93,0.000840151777042012
6534.94,0.0008126929803968299
6534.95,0.0007814333011133563
6534.96,0.0007481853410919258
6534.97,0.000714940471552627
6534.98,0.000683214914840605
6534.99,0.0006538312201213473
6535,0.00062704331810171
6535.01,0.0006027662354736007
6535.02,0.0005807636505669974
6535.03,0.0005607598755996353
6535.04,0.0005424937016106725
6535.05,0.0005257385773296487
6535.06,0.000510306416748042
6535.07,0.0004960446838709569
6535.08,0.00048283145094228
6535.09,0.00047057046985445294